nombre,apellido,cedula,edad
Juan,Perez,1100000001,21
Maria,Gonzalez,1100000002,22
Carlos,Ramirez,1100000003,19
Ana,Torres,1100000004,25
Luis,Mendoza,1100000005,20
Sofia,Castro,1100000006,24
Jorge,Herrera,1100000007,23
Lucia,Vega,1100000008,18
Pedro,Rojas,1100000009,27
Elena,Silva,1100000010,26
Miguel,Lopez,1100000011,22
Valeria,Cruz,1100000012,21
Andres,Ortega,1100000013,28
Camila,Paredes,1100000014,19
Diego,Morales,1100000015,24
Paula,Navas,1100000016,20
Fernando,Reyes,1100000017,29
Daniela,Espinoza,1100000018,23
Ricardo,Guerrero,1100000019,31
Gabriela,Salazar,1100000020,22
Jose,Jimenez,1100000021,20
Patricia,Valencia,1100000022,21
Manuel,Suarez,1100000023,24
Natalia,Acosta,1100000024,25
Kevin,Cevallos,1100000025,19
Andrea,Benitez,1100000026,26
Esteban,Ayala,1100000027,23
Monica,Coronel,1100000028,27
Cristian,Delgado,1100000029,22
Veronica,Leon,1100000030,24
Alex,Guaman,1100000031,20
Rosa,Mora,1100000032,28
Bryan,Yaguachi,1100000033,18
Tatiana,Alvarado,1100000034,30
Oscar,Carpio,1100000035,32
Liliana,Fierro,1100000036,21
Eduardo,Quintero,1100000037,23
Martha,Zambrano,1100000038,24
Pablo,Tapia,1100000039,20
Diana,Velasquez,1100000040,22
Alberto,Aguilar,1100000041,27
Karen,Montes,1100000042,25
Ruben,Macias,1100000043,29
Silvia,Bravo,1100000044,18
Ivan,Galvez,1100000045,31
Cecilia,Peña,1100000046,24
Hector,Palacios,1100000047,23
Noelia,Chavez,1100000048,20
Victor,Santana,1100000049,28
Sandra,Romero,1100000050,26
Julio,Flores,1100000051,22
Mariana,Cisneros,1100000052,21
Raul,Villacis,1100000053,24
Bianca,Luna,1100000054,23
Adrian,Peralta,1100000055,27
Melissa,Cabrera,1100000056,20
Martin,Rendon,1100000057,25
Erika,Arce,1100000058,29
Gustavo,Pozo,1100000059,30
Carolina,Saenz,1100000060,22
Nicolas,Munoz,1100000061,19
Lorena,Guillen,1100000062,21
Sebastian,Toledo,1100000063,26
Alicia,Padilla,1100000064,24
Francisco,Armas,1100000065,23
Isabel,Viteri,1100000066,22
David,Moya,1100000067,20
Jessica,Caicedo,1100000068,25
Wilson,Valverde,1100000069,28
Claudia,Ricaurte,1100000070,27
Henry,Bustamante,1100000071,29
Angela,Teran,1100000072,21
Roberto,Cobos,1100000073,24
Paola,Burbano,1100000074,18
Mauricio,Andrade,1100000075,30
Jennifer,Pinto,1100000076,23
Santiago,Hidalgo,1100000077,22
Vanessa,Camacho,1100000078,20
Jonathan,Espin,1100000079,31
Dayana,Medina,1100000080,26
Leonardo,Recalde,1100000081,27
Gloria,Bonilla,1100000082,24
Fabian,Mera,1100000083,21
Ruth,Escobar,1100000084,19
Emilio,Baquero,1100000085,28
Carmen,Rivera,1100000086,25
Byron,Quiroga,1100000087,20
Lissette,Soria,1100000088,23
Alexandra,Ojeda,1100000089,22
Cristopher,Jara,1100000090,24
Yolanda,Castro,1100000091,27
Patricio,Merino,1100000092,29
Viviana,Cordero,1100000093,18
Freddy,Haro,1100000094,30
Miriam,Arevalo,1100000095,21
Edwin,Solis,1100000096,22
Belinda,Ruiz,1100000097,25
Arturo,Galindo,1100000098,26
Pilar,Trujillo,1100000099,20
Rene,Loayza,1100000100,24
Juan,Perez,1100000101,21
Maria,Gonzalez,1100000102,22
Carlos,Ramirez,1100000103,19
Ana,Torres,1100000104,25
Luis,Mendoza,1100000105,20
Sofia,Castro,1100000106,24
Jorge,Herrera,1100000107,23
Lucia,Vega,1100000108,18
Pedro,Rojas,1100000109,27
Elena,Silva,1100000110,26
Miguel,Lopez,1100000111,22
Valeria,Cruz,1100000112,21
Andres,Ortega,1100000113,28
Camila,Paredes,1100000114,19
Diego,Morales,1100000115,24
Paula,Navas,1100000116,20
Fernando,Reyes,1100000117,29
Daniela,Espinoza,1100000118,23
Ricardo,Guerrero,1100000119,31
Gabriela,Salazar,1100000120,22
Jose,Jimenez,1100000121,20
Patricia,Valencia,1100000122,21
Manuel,Suarez,1100000123,24
Natalia,Acosta,1100000124,25
Kevin,Cevallos,1100000125,19
Andrea,Benitez,1100000126,26
Esteban,Ayala,1100000127,23
Monica,Coronel,1100000128,27
Cristian,Delgado,1100000129,22
Veronica,Leon,1100000130,24
Alex,Guaman,1100000131,20
Rosa,Mora,1100000132,28
Bryan,Yaguachi,1100000133,18
Tatiana,Alvarado,1100000134,30
Oscar,Carpio,1100000135,32
Liliana,Fierro,1100000136,21
Eduardo,Quintero,1100000137,23
Martha,Zambrano,1100000138,24
Pablo,Tapia,1100000139,20
Diana,Velasquez,1100000140,22
Alberto,Aguilar,1100000141,27
Karen,Montes,1100000142,25
Ruben,Macias,1100000143,29
Silvia,Bravo,1100000144,18
Ivan,Galvez,1100000145,31
Cecilia,Peña,1100000146,24
Hector,Palacios,1100000147,23
Noelia,Chavez,1100000148,20
Victor,Santana,1100000149,28
Sandra,Romero,1100000150,26
Julio,Flores,1100000151,22
Mariana,Cisneros,1100000152,21
Raul,Villacis,1100000153,24
Bianca,Luna,1100000154,23
Adrian,Peralta,1100000155,27
Melissa,Cabrera,1100000156,20
Martin,Rendon,1100000157,25
Erika,Arce,1100000158,29
Gustavo,Pozo,1100000159,30
Carolina,Saenz,1100000160,22
Nicolas,Munoz,1100000161,19
Lorena,Guillen,1100000162,21
Sebastian,Toledo,1100000163,26
Alicia,Padilla,1100000164,24
Francisco,Armas,1100000165,23
Isabel,Viteri,1100000166,22
David,Moya,1100000167,20
Jessica,Caicedo,1100000168,25
Wilson,Valverde,1100000169,28
Claudia,Ricaurte,1100000170,27
Henry,Bustamante,1100000171,29
Angela,Teran,1100000172,21
Roberto,Cobos,1100000173,24
Paola,Burbano,1100000174,18
Mauricio,Andrade,1100000175,30
Jennifer,Pinto,1100000176,23
Santiago,Hidalgo,1100000177,22
Vanessa,Camacho,1100000178,20
Jonathan,Espin,1100000179,31
Dayana,Medina,1100000180,26
Leonardo,Recalde,1100000181,27
Gloria,Bonilla,1100000182,24
Fabian,Mera,1100000183,21
Ruth,Escobar,1100000184,19
Emilio,Baquero,1100000185,28
Carmen,Rivera,1100000186,25
Byron,Quiroga,1100000187,20
Lissette,Soria,1100000188,23
Alexandra,Ojeda,1100000189,22
Cristopher,Jara,1100000190,24
Yolanda,Castro,1100000191,27
Patricio,Merino,1100000192,29
Viviana,Cordero,1100000193,18
Freddy,Haro,1100000194,30
Miriam,Arevalo,1100000195,21
Edwin,Solis,1100000196,22
Belinda,Ruiz,1100000197,25
Arturo,Galindo,1100000198,26
Pilar,Trujillo,1100000199,20
Rene,Loayza,1100000200,24
